korean,english
내가,I
그,that
난,I am
내,my
안,not
수,number
이,this
네,yes
거야,going to be
좀,a little
그래,okay
있어,there is
왜,why
더,more
그리고,and
우리,we
다,all
무슨,what
한,one
하지만,but
잘,well
어떻게,how
할,will do
그냥,just
정말,really
그럼,then
것,thing
게,crab
있어요,there is
있는,there is
해,sun
여기,here
넌,you
제가,I am
날,me
우리가,we
건,case
전,jeon
이제,now
지금,now
그게,that is
걸,girl
거,thing
아니,no
네가,you
없어,doesn't exist
돼,ok
저,I
우린,we
제,my
못,pond
좋아,good
당신이,you
다른,different
나,me
그런,that
그건,that
너무,too
그래서,so
그렇게,like that
다시,again
이건,This
이런,this
나도,me too
모든,every
당신,you
거예요,Will
당신은,you are
아,ah
좋은,good
오,oh
때,at the time
너,you
하는,doing
하고,do
아냐,no
나는,I am
아니야,no
알아,know
같이,together
응,huh
이게,this
없어요,no
괜찮아,are you okay
오늘,today
말이야,I mean
줄,line
또,also
널,you
누가,who
어떤,which
아주,very
말,word
아직,yet
안돼,no
진짜,really
모두,every
마,mind
같은,same
여기서,here
어서,hurry
그는,he is
위해,for
해요,do
일이,Days
하지,summer solstice
엄마,mom
바로,as soon as
가,go
근데,however
알고,know
이렇게,like this
빨리,hurry
있습니다,there is
이거,this
전에,before
어,uh
아뇨,no
계속,continue
닥터,doctor
얼마나,how much
될,be
알았어,okay
않아,No
제발,please
있지,Yes
겁니다,I will
어디,where
사람이,People
그가,he
안녕,hi
좋아요,great
같아,same
우리는,we are
그래요,is it so
당신을,you
자,Now
그걸,that
아니에요,no
있을,There will be
때문에,because
대해,about
아빠,dad
몇,some
사람,person
했어,I did it
뭐야,what
수도,capital
많이,many
집에,at home
거지,the poor
일을,work
저는,I am
음,hmm
그렇지,yes
함께,together
만약,if
하나,one
저기,excuse me
고마워요,thank you
항상,always
나한테,To me
잠깐,for a moment
가서,Go
가장,most
돼요,can
거죠,That's it
가자,let's go
맞아,that's right
보고,report
와,and
그거,that
말을,say
괜찮아요,are you okay
아무도,no one
없는,Do not have
안녕하세요,hello
몰라,I don't know
일,Day
많은,many
당신의,your
아무것도,nothing
그러니까,therefore
큰,big
알아요,i know
그의,His
뭐가,what
고마워,thank you
그만,stop
했어요,i did it
젠장,shit
사람들이,People
거에요,It will be
이걸,This
그럴,That's right
것도,also
말이,words
이미,already
야,hey
그를,Him
뭔가,Something
온,on
이봐,hey
아니면,or not
같아요,same
그런데,however
아니라,not
세상에,oh my god
있다고,There is
있고,There is
뭐라고,what
예,yes
절대,never
말야,I mean
당장,right now
그래도,still
대한,About
말은,I mean
거기,there
전부,entire
둘,two
그녀는,she is
니가,you
갈,conflict
않아요,No
자기,self
있죠,Yes
하면,if
가지고,have
그들이,they
참,really
너도,you also
됐어,it's okay
미안해,Sorry
것을,Thing
여긴,This is
아무,any
사람은,people
감사합니다,thank you
다들,everyone
어때,how
씨,Seed
곧,soon
엄마가,Mom
나를,me
이젠,now
아마,maybe
그들은,they
얘기,talk
꼭,please
있잖아,Hey
저도,me too
지금은,now
그녀가,she
중,middle
있다,there is
시간,hour
먼저,first
우릴,us
말고,not
사람을,People
수가,medical charge
봐요,see
있는데,there is
알았어요,all right
해야,Sun
있었어,there was
우리의,Our
않을,won't
방금,just now
완전,very
된,done
동안,during
시간이,This time
싶어,want
본,copy
일은,work
친구,friend
들어,listen
안에,in
번,th
자네,you
합니다,do
사실,actually
한번,once
대체,how
같은데,Looks like
생각해,think
맞아요,that's right
볼,cheek
혼자,alone
자네가,You
절,I
그러니,so
선생님,teacher
사람들은,People
문제가,The problem
다음,next
물론,of course
거의,almost
일이야,It's work
없습니다,doesn't exist
아빠가,Dad
되는,felled
그러면,then
순,net
가는,going
말도,nonsense
이리,Wolf
있었어요,There was
맙소사,oh my god
내일,tomorrow
있으면,if there is
잠깐만,wait for a sec
싫어,no
중요한,important
내게,to me
말해,say
이상,more
거라고,I guess
아는,know
너는,you
새,bird
적,enemy
전혀,at all
여자,female
새로운,new
너희,you guys
왔어,I'm here
아직도,still
가지,egg plant
나와,come out
알,egg
싶지,I don't want to
여기에,Here
원하는,want
돈,money
필요,necessary
도움이,help
그녀를,Her
몰라요,I don't know
작은,small
혹시,if
미안해요,sorry
나쁜,bad
죄송해요,sorry
모르겠어,I don't know
가요,song
알지,know
밖에,outside
직접,directly
있나,Is there
니,you
해도,chart
하죠,Let's do it
했는데,I did it
필요해,I need
아니요,no
적이,enemy
있나요,do you have
갖고,Have
돈을,money
주세요,please
어디서,where
것이,It is
거요,Yes
위한,for
것은,The thing is
없이,without
나중에,later
아버지,father
나랑,with me
됐어요,That's Okay
마세요,do not
차,car
언제,when
그저,just
생각,thought
했지,I did it
봤어,saw
해서,So
시간을,Time
마지막,last
알겠어,okay
왜냐면,because
위해서,for
엄청,very
알겠습니다,All right
오래,long time
기다려,wait
아닙니다,no
있는지,Is there
알겠어요,all right
제일,most
그렇죠,Yes
죽은,dead
제대로,properly
아니지,No
있다면,if there is
보면,If you look
우리를,Us
짓을,do
남자,man
너가,you are
있다는,There is
누구,who
보여,see
왔어요,came
너한테,to you
여러분,everyone
완전히,completely
너의,your
것이다,will be
밤,night
소리,sound
없지,No
벌써,already
모르겠어요,I don't know
말이지,That's right
올,all
사람들을,people
처음,first
말이죠,I mean
사람들,people
그녀의,her
멋진,wonderful
왜요,why
정말로,really
이름은,name is
와서,come
대해서,about
여보,honey
조금,little
않았어,I didn't
말이에요,I mean
이름이,The name
여보세요,hello
서로,each other
안돼요,No
죽을,dying
첫,first
매우,very
사랑해,love you
오늘은,today
싶은,want to
어디로,Where
단지,only
아닌,not
나가,get out
뿐이야,only
미안,sorry
확실히,surely
싶어요,want
죄송합니다,sorry
때까지,until
없고,There is no
어때요,how is it
살,fat
당연히,of course
데리고,along
필요한,necessary
없다,does not exist
후,after
가고,go
글쎄,well
않는,not
했죠,I did it
나의,my
별로,not really
않은,not
라고,Called
집,house
여전히,still
없을,There won't be
딱,Just
있어서,Because
이야기,story
엄마는,Mom is
부인,ma'am
하는데,to do
않고,Without
알았지,Okay
아니고,No
여자가,the woman
문,door
되지,No
거기서,at there
훨씬,more
아버지가,Father
망할,damn
뭔지,What is it
손,hand
수술,surgery
듣고,listen
어쩌면,perhaps
보세요,look
생각이,thought
어느,any
그러지,That's right
되면,If it happens
아마도,maybe
준비,preparation
전화,phone call
뒤에,behind
도대체,why
너를,you
당신도,You
것처럼,As if
않으면,If not
말하는,talking
최고의,Great
말하지,tell me
세,count
모르는,do not know
유일한,only
갑자기,suddenly
이봐요,Hey
건가요,Are you sure
없다고,There is no
것입니다,will
있잖아요,"You know,"
되고,become
어쨌든,anyway
가진,have
이번,this time
뭐하는,What are you doing
후에,later
친구가,friend
지,ji
신경,nerve
그만해,stop
누구야,who is this
당신에게,to you
늘,always
없었어,There wasn't
그들을,them
있게,have
알잖아,You know
누군가,someone
생각을,think
존,zone
일단,first
가야,Gaya
걱정,worry
보자,see
매일,everyday
수는,The number is
아침,morning
말할,say
말아요,Roll it up
모두가,Everyone is
않았어요,I didn't
얘기를,talk
봤어요,saw
대신,instead
마치,like
건데,It's going to be
자넨,you
했잖아,You did it
둘이,two people
당신과,with you
집으로,to home
한다,do
두고,Leave it
이름을,name
있네,There is
그들의,their
뭔데,What
금방,soon
사는,living
좋아하는,Favorite
찾을,find
맘에,I like it
결국,at last
이유가,the reason is
필요해요,I need
중에,During
그때,at that time
보는,see
너랑,with you
아이를,child
없잖아,There isn't any
한다고,I do it
기분,mood
하게,to do
놈이,This guy
못해,can not
우리에게,To us
가면,mask
저를,me
잡아,catch
집에서,at home
우리도,We too
기분이,Feel
저희,we
찾고,looking for
거다,It's going to happen
어제,yesterday
남자가,the man
뭐지,what
앞으로,from now on
잠깐만요,Wait
자신의,Own
애가,keen
이상한,weird
막,membrane
먹고,eat
아이,kid
언제나,always
여기가,here
아들,son
알게,Know
하세요,do
총,gun
스스로,self
방법이,There is a way
있던,there was
해봐,try
아님,no
때가,It's time
아니죠,Nope
했던,did
조용히,quietly
밤에,At night
미친,crazy
텐데,It would be
머리,head
않습니다,not
잘못,wrong
고맙습니다,Thank you
있어야,Must be
왜냐하면,because
앉아,sit down
아침에,In the morning
죽일,kill
환자,patient
양,sheep
없죠,There is no
일어나,wake up
믿을,trustworthy
같네요,Looks like
건가,Is it dry?
게다가,furthermore
알렉스,Alex
타고,Riding
데,place
들었어,I heard
눈을,Eyes
나에게,to me
없었어요,There wasn't
만나서,meet
진정해,calm down
이것,this
더이상,Anymore
보지,pussy
방법을,How to
원래,usually
좋지,It's good
하려고,going to do
빌어먹을,Damn it
총을,gun
길을,Path
누군지,who is
아니라고,no
자신을,yourself
여길,This way
있지만,Although there is
얼른,hurry
얘들아,Guys
대로,Road
만든,made
놈,bloke
조심해,be careful
일에,at work
따라,according to
술,alcohol
정확히,exactly
자기가,Baby
충분히,enough
힘을,strength
아저씨,mister
알겠지,got it
있었는데,There was
사랑하는,Loving
기다리고,waiting
될거야,It will be
살아,live
평생,forever
아까,a moment ago
얘야,Hey
눈,eye
거기에,There
애,baby
분명,For sure
말하고,speaking
역시,also
저희가,we
찾아,find
걔가,He
이럴,Oh no
저기요,hey
너와,with you
될까요,Will it happen?
천천히,slowly
문제,problem
좋았어,It was good
어디에,where
문을,open the door
맞지,Right
어딨어,Where are you?
조지,George
아녜요,No
저녁,dinner
됩니다,It's possible
마요,Mayo
생각엔,I think
만들어,make
적어도,At least
애들,kids
개,dog
잘했어,good job
그러나,But
주,main
괜찮은,decent
생각은,Thought
위에,above
가끔,sometimes
있었던,there was
간,liver
잠시,for a moment
알아서,By-self
곳에,where
집을,house
그렇지만,but
그레이,gray
그럼요,sure
삶을,life
마음에,in the heart
살고,live
들고,carrying
분,minute
그랬어,I did
차를,tea
옆에,Next
아이가,The child
이번엔,this time
저게,That's it
아빠는,Dad is
괜찮을,It'll be okay
하자,let's do it
알았는데,I thought
생각해요,Think about it
없는데,I don't have it
생각하는,thinking
아니잖아,Nope
마지막으로,finally
여자를,woman
죽었어,dead
멍청한,stupid
훌륭한,excellent
있었지,There was
정도,degree
베일리,bailey
준비가,ready
남은,left
있으니까,Because there is
싫어요,"no, I do not want"
입니다,no see
영원히,forever
엄청난,exorbitant
정신,mental
는,Is
계세요,anybody home
하는지,Do you do it?
좋을,good
있었죠,There was
간다,Goes
기회를,opportunity
그대로,as it is
하나도,Not even one
멈춰,stop
필요가,need
도와줘,Help me
다음에,next time
앞에서,in front
뭐든,whatever
물,water
밖으로,outside
오는,coming
그렇다면,then
미국,USA
말라고,Don't tell me
하지마,don't
서,west
말한,said
테니까,Because
앞에,Before
를,cast
처럼,like
저한테,to me
거고,That's it
받아,receive
그것도,That too
요즘,recently
믿어,believe
뒤로,backwards
놈들이,They
입고,store
보니,Bonnie
속에,inside
잠시만요,wait a minute
소리야,It's a sound
들어봐,listen
자기야,babe
헤이,hey
에,to
이해가,Understanding
옷,clothes
들어가,Go in
아버지는,My father
않을거야,won't
있소,There is
자네는,you
모르겠지만,"I don't know, but"
누구도,no one
입,mouth
어머니,mother
특별한,special
좋겠어,I wish
준,June
그것은,that
관한,about
할게,I'll do it
여기는,here is
언니,sister
환자가,the patient
갈게,I'll go
나야,it's me
제게,To me
하루,day
단,step
필,Phil
가세요,go
끔찍한,Horrible
걸로,Girl
사랑,love
일도,work
아름다운,beautiful
년,year
형,brother
뭐요,what
저런,Like that
별,star
아니다,no
받고,under
할거야,I will do it
쓸,write
씨발,fuck
돈이,money
그에게,to him
뭔가를,something
마음을,heart
문제는,the problem is
의,of
서둘러,Hurry
못할,can't
없네,There is none
끝났어,it's over
있을거야,There will be
머리를,head
생각하지,don't think
뭐라고요,I beg your pardon
힘든,tiring
보게,see
가게,store
말해봐,say it
밥,rice
상황이,situation
줘요,Give
만큼,as much as
했지만,I did it but
같은데요,I think so
이름,name
엄마를,Mom
전화를,phone
어쩔,What to do
있니,Are you there?
번째,th
할까,Should I do it?
얘길,story
찾는,looking for
선생님이,Teacher
진짜로,really
일이에요,It's work
건지,Guernsey
가족을,family
할지,Do you do it?
중이야,I'm in the middle of it
믿지,believe it
닥쳐,shut up
여기로,here
저건,That is
주고,give
멀리,far
어이,hey
거짓말,lie
약,approximately
잭,jack
사실은,in fact
받을,receive
그러고,And then
겁니까,Are you afraid?
먹을,eat
그치만,But
너에게,to you
들었어요,I heard
하기,do
오빠,brother
오고,Coming
있을까,Is it
어린,young
통해,through
아닌데,It's not
조금만,a little bit
맞는,right
차에,in the car
여자는,The woman
보러,to see
손에,in hand
모르지,I don't know
가까이,closely
테니,Teni
되죠,It works
점점,getting more and more
잔,glass
이야기를,Stories
물론이죠,Sure
학교,school
주는,giving
아가씨,miss
먹어,eat
것에,to
크게,big
이유는,The reason is
군,army
모두들,Everyone
죽인,killed
셋,three
알죠,I know
기억,memory
경찰,police
제이,Jay
그래야,So that
목숨을,life
있을까요,Is it there?
아니지만,Although it is not
했다,did
딸,daughter
많아,many
떨어져,away
사람이야,It's a person
다시는,never
거잖아,That's right
애들이,kids
애를,struggling
을,second
말이다,That's right
없다는,There is no
만들,make
오면,When you come
할게요,I will do it
아기,baby
영화,movie
가족,family
찾았어,I found it
특히,especially
아들을,son
제발요,please
꿈을,dream
세상을,the world
놈을,The guy
아니었어,It wasn't
마이크,mike
그리,picture
무엇을,what
만드는,fabricated
얼마,how much
보여요,I can see it
사진,picture
칼,knife
잠시만,for a moment
병원에,to the hospital
같습니다,It's the same
바보,fool
열어,open it
현재,today
해줘,Do it
주지,gist
했습니다,I did
자주,often
있겠지,There must be
하는거야,Are you doing it?
샘,fountain
꺼져,go away
가만히,Still
그랬지,It did
지금까지,until now
저거,that
당연하지,of course
나서,After
그것,that
또한,also
보이지,I can't see it
노래,sing
위험한,dangerous
클레어,claire
쉽게,easily
오지,Ozzy
정말요,really
계획이,plan
잡고,hold on
열심히,try hard
마라,Mara
경찰이,the police
말하면,If you say
방에,In my room
됐다,done
마음이,Mind
메러디스,meredith
운이,lucky
드디어,at las
정보를,Information
말입니다,I mean
때는,When
얼굴을,face
만난,met
있거든,Because there is
달,moon
약간,a little
했다고,I did it
일찍,early
굉장히,greatly
못해요,I can not
진실을,the truth
줄게,I'll give
아세요,do you know
누굴,who
거라,That's it
가족이,family
새로,New
절대로,never
와요,come
알지만,I know but
되어,Became
내려,get off
같네,It's the same
그거야,That's it
크리스티나,Christina
사이에,Between
자꾸,repeatedly
저리,there
사실을,fact
프랭크,frank
와우,wow
뛰어,run
갔어,went
죽게,to die
네게,To you
심지어,even
글쎄요,well
사람의,people's
오랫동안,for a long time
모습을,appearance
얘기가,The story
아이고,oh my
상관,relation
일하는,working
짐,load
길,road
사건,Event
그렇다고,That's right
들어요,listen
상황을,the situation
옷을,Clothes
일이죠,It's work
아니예요,No
죽어,die
뿐이에요,It's just that
필요는,need
여기요,Here you go
사랑해요,i love you
죽는,perishing
누군가가,someone
얘기해,Talk to me
모두를,everyone
커피,coffee
있는거야,Is it there?
있으니,Because
없지만,There is no
열,heat
다신,never again
만날,everyday
남자는,The man
저희는,We
떠날,leave
맞죠,Right
아들이,my son
놈은,The guy
하나가,There is one
의사,doctor
박사님,Doctor
나오는,coming out
딸이,daughter
거짓말을,lie
했고,I did it
보내,send
받은,received
쓰고,write
곳이,The place is
된다고,It's okay
설마,no way
우리한테,to us
방법은,Way
인생을,life
보이는,visible
정도로,to the extent
아니오,no
여러,several
자고,Sleep
한다면,if
실례합니다,excuse me
기회가,there is a chance
했을,would have done
결혼,marriage
소리를,sound
알았다,I get it
해야지,I have to do it
완벽한,Perfect
있었다,there was
곳을,place
겨우,barely
없으면,If there is no
아내가,wife
있습니까,Are there any
만들고,create
비켜,Move
그것을,that
피를,blood
못한,couldn't
말씀,words
자식,child
만약에,If the
위대한,great
써,write
이리와,Come on
눈이,Snow
사람도,People too
요,yo. this
자신이,myself
당신한테,To you
보통,commonly
나갈,go out
보다,see
앉아서,sit down
도와줘요,Help me
원하지,want
이쪽으로,Come this way
생각하고,thinking
사랑을,Love is
너네,Yours
조,article
밖에서,outside
들어와,come in
그렇군요,okay
척,chuck
같군,Same
나온,came out
같지,Same
불러,Call
도움을,help
마음,mind
최선을,Do your best
된다,do
곳으로,to the place
아기를,baby
죽이고,kill
대단한,Great
뭐예요,what
환자를,the patient
똑같은,same
가능한,possible
친구들,friends
원해,want
좋아해,i like you
될까,Will it work?
봤지,I saw it
방,room
몰라도,I don't know but
갈게요,I'll go
때도,Even when
움직여,in action
눈에,in the eyes
숨을,breathe
음악,music
자는,sleeping
딸을,daughter
모르겠네요,I don't know
의사가,doctor
셜록,sherlock
딴,different
가져와,bring it
세상에서,in the world
소리가,the sound
시간은,time is
도울,help
만한,worthy
남편이,husband
한다는,to say
아버지를,father
일로,work
감옥에,in jail
됐지,Okay
짓,act
순간,Moment
도와줄,help me
있도록,so that
할머니,grandma
짓이야,It's a joke
쓰는,inscribed
했잖아요,You did it
너희들,you
피터,Peter
당신들,You
그날,that day
화가,artist
새끼,young
쓴,written
안에서,inside
최대한,Most
하네,Yes
팀,team
이후로,after that
그들,them
이지,easy
그치,right
죽었어요,dead
곳에서,in a place
때마다,Whenever
몸이,body
모든게,Everything
캠,cam
어차피,anyway
압니다,I know
기억이,memory
어딜,where
산,mountain
들려,I can hear
있네요,There is
분이,The person
없어서,Because I don’t have it
이곳에,here
미안하지만,I'm sorry
일어난,happened
왔습니다,came
로스,Loss
속에서,inside
친구를,friends
모르지만,I don't know but
예쁜,pretty
몸을,body
잊지,forget
엄마한테,To mom
왔다,come
했는지,Did you do it?
타,get on
같군요,It seems like
명,number of people
모든걸,Everything
하라고,Do it
그렇습니다,That's right
때문이야,It's because
있겠어,There must be
덕분에,Thanks to
싶으면,If you want
나가서,go out
비밀,secret
달라,different
것보다,than
찾았어요,I found it
대,big
데릭,derrick
고통을,pain
환자는,The patient
엄마랑,With mom
진정한,genuine
같다,same
생긴,appeared
병원,hospital
반가워요,nice to meet you
내내,all the time
가도,street
생각에,in thoughts
오세요,Please come
이러지,Like this
따르면,according to
고맙네,Thank you
할까요,should
사진을,Photos
않게,without
한잔,a drink
않는다,does not
있었고,There was
되는데,It works
남자를,a man
안으로,in
알았죠,Okay
물론이지,of course
보낸,sent
피가,blood
하니까,Because
아가,baby
반드시,certainly
아무리,no matter how
얘기는,The story is
잘못된,wrong
오케이,okay
알아야,I need to know
걸요,Girl
해줄,Do it
자리를,place
문제야,It's a problem
이유를,The reason
그러다,Then
약을,medicine
싶었어,I wanted to
높은,High
같아서,It's like
이해,understanding
하나만,just one
돌아올,come back
있는게,There is something
좋습니다,great
좋다,good night
배를,ship
찾아야,find it
못하게,Don't let me
막을,stop it
계획을,plan
루크,Luke
이래,since
모르고,without knowing
없잖아요,There isn't one
그녀,she
그동안,Meantime
거니,Gurney
빼고,without
거긴,There
이라고,I said
그랬어요,I did
더는,no more
죽지,Not dead
녀석,guy
몰랐어,I did not know
리,lee
뭐라,what
박사,doctor
죽였어,I killed it
믿고,believe it
좋네요,It's good
여기까지,So far
이쪽은,This is
사람들에게,to people
아빠를,Dad
어려운,difficult
봤는데,I saw it
적은,few
법을,the law
모르겠다,I don't know
신이,god
그렇고,By the way
관심,interest
집이,House is
오직,Only
좋아해요,i like you
있었습니다,There was
나은,better
않아도,Even if you don't have to
나면,After
옛날,A long ago
얘가,This guy
식으로,in this way
그걸로,With that
냄새가,it smells
못하는,can't
인간,human
세상이,the world
책,book
모두에게,to everyone
말해줘,tell me
처음으로,For the first time
그러게,I know
실제로,actually
제임스,James
데려다,take me
크리스마스,christmas
보기,look
신의,faith
말했잖아,I told you
말했어,I said
돌아갈,go back
한번도,never
긴,long
움직이지,Don't move
착한,kind
일이지,It's work
쓰지,Write it
곳,place
도와주세요,help
그러죠,Of course
거니까,Because it is
곁에,beside
그녀에게,to her
그러는,That's it
머리에,on the head
확인해,check it
싶어서,Because I want to
것들을,things
데이트,date
사고,accident
한거야,I did it
세상,world
감사해요,thank you
책을,Books
배,ship
젊은,young
가자고,Let's go
아닌가,is not it
좋겠어요,It's good for you
비행기,airplane
맥스,max
하잖아,You say it
없소,No
애들은,The kids
오늘밤,Tonight
고맙다,thanks
라는,in
언젠가,someday
필요할,needed
아이들을,children
우리와,with us
머리가,Head
그것이,That is
세계,world
애는,The kid
죽여,kill it
차가,car
죽고,die
따라와,Follow
힘이,strength
확실해,Are you sure
기억해,remember
있어도,Even if
자네를,you
오래된,old
기억나,I remember
루시어스,Lucius
분은,The person
얘기하고,talking
상관없어,doesn't care
다섯,five
이제는,now
없네요,There isn't any
돌아가,go back
자리에,in place
이만,this much
바랍니다,wish
느낌이,the feeling is
어머,oh
뭐든지,anything
되요,It works
마약,drug
행운을,Good luck
봐야,Must see
선생님은,The teacher
줄은,The line is
몰래,stealthily
불쌍한,poor
아니잖아요,That's not true
있거든요,Because there is
며칠,few days
저랑,With me
결코,never
이걸로,With this
안녕히,Bye
아이는,The child
자네의,your
입을,mouth
근처에,Near
들은,heard
뭐하는거야,what are you doing
기다려요,Wait
뭐라도,Anything
않지만,But
배가,My stomach
뒤,back
어떡해,oh my god
몸,body
죽이지,Kill me
해주세요,Please
봐라,Look
어서요,Come on
어째서,why
놓고,let go
지금도,Even now
아나,Ana
맞다,right
좋네,Good
의해,due to
시간에,in time
차라리,rather
헨리,Henry
가끔은,Sometimes
생각했어,I thought
할아버지,grandfather
덜,less
곳은,The place is
남편,husband
애들을,The kids
구할,save
싶은데,I want to
불,fire
저렇게,Like that
돈은,money
아직은,Not yet
상태가,status
위로,consolation
가져,take it
얘긴,The story
안전한,safe
실수를,make a mistake
미리,beforehand
모를,I don't know
명이,Myeongseong
사랑에,in love
전엔,Before
갔어요,went
갖다,have
대화를,Conversation
하나는,The one is
벤,ben
지도,map
가능성이,possiblity
하는게,Doing it
있는데요,There is
실은,actually
먹는,eating
확인,check
심각한,Serious
달라고,ask for it
것만,only
있기,There is
그와,with him
형사님,Detective
모르죠,I don't know
몰랐어요,I did not know
결정을,make a decision
파티,party
날이,the day
최악의,worst
많아요,many
죄송하지만,I'm sorry
있었는지,Was there
미스터,Mister
평범한,Normal
뜻이야,It means
올게,I'll come
살인,Murder
있겠죠,There must be
들을,hear
믿어요,believe
우선,first of all
마시고,drink
당신들이,you guys
자네도,You too
혼자서,alone
심장,heart
좋은데,Good
그런거,Something like that
그들에게,To them
녀석이,This guy
하면서,while doing
좋아하지,I don't like it
너희가,you guys
처음부터,from the beginning
심장이,the heart
보낼,send
가만,wait
않는다면,If not
심장을,heart
자넬,Janelle
뭐라구요,What did you say
갔다,went
고양이,cat
위치를,location
첫번째,first
생각도,Even thinking
동생,Brother
못했어,I couldn't do it
않았다,did
내버려,Leave it alone
진심으로,sincerely
당연하죠,of course
번도,Even
둘다,both
과장님,Manager
중입니다,In progress
마침내,Finally
씨가,Mr.
검은,black
오말리,O'Malley
봐도,Even if you look at it
적도,equator
아닐,Not
다리,leg
무기를,weapons
주면,If you give it
돌아,spin
릴리,lily
뭔가가,something
따로,separately
없으니까,Because there is no
어디야,where are you
끝까지,to the end
준비해,get ready
카메라,camera
아무튼,anyway
알다시피,as you know
죽으면,If I die
않죠,Isn't it?
만나,meet
않나,Isn’t it?
아니라면,If not
임마,Hey
중이에요,I'm in the middle of it
누군가를,someone
있을지,Will there be
있단,There is
돌아와,Come back
메리,merry
보자고,Let's see
돼서,It's done
들어갈,go in
않지,No
목을,neck
마크,mark
정도는,To some extent
아는데,I know
게임,game
강한,strong
정말이야,Really
받는,subject
물건을,Things
무서워,scared
것으로,as
얘기할,to talk about
싶었어요,I wanted to
수정,correction
걱정하지,Don't worry
뭐에요,What is it
제길,damn
가치가,worth it
말인지,Is it true?
수술이,surgery
없다면,If not
톰,tom
클라라,Clara
삼촌,uncle
찾은,found
질문,question
저들이,They
서로를,each other
얼굴이,The face
아무래도,I guess
당신들은,you guys
사건을,incident
됐죠,That's it
꿈,dream
입은,dressed
받았어,I got it
할수,Could
빠져,Fall in love
물을,the water
아기가,baby
닉,nick
것과,and
명령을,command
부터,from
거라면,If it is
죽이는,killing
정신이,out of mind
아파,it hurts
모르겠네,I don't know
똑같이,same
꽤나,quite
되잖아,It works
형이,My brother
밑에,under
아니었어요,It wasn't
어렸을,I was young
말했어요,I said
그만해요,stop it
에서,at
학교에,at school
아무런,nothing
글로리아,Gloria
반,half
아이들이,the kids are
그리곤,And then
거냐,Are you going?
한데,But
아버지의,father's
받지,I don't get it
일하고,working
말이오,I mean
없나요,Isn't there
원한다면,if you want
생각할,think about
버려,throw away
즉시,immediately
거대한,giant
가봐,Go
발,foot
들어가서,go in
시작,start
사람에게,to people
내놔,Give it to me
행복한,happy
나머지,remain
윌,will
도와,help
노래를,song
왔는데,I came
요원,agent
되게,very
누구죠,who is it
얼굴에,on the face
하실,You can do it
환영합니다,welcome
걸까,Is it
되겠지,It will work
괜찮지,Are you fine
하던,used to
아내를,wife
놈의,bastard
미쳤어,it's crazy
이것도,This too
일부러,on purpose
혹은,or
나올,come out
찾으러,To find it
걔는,He is
잡을,catch
똑바로,upright
얻을,get
이해해,I understand
무지,ignorance
쪽으로,towards
무슨일이,what happened
이해할,understand
친구야,friend
어머니가,mother
질문을,ask a question
워,woah
엎드려,Lie down
있단다,There is
너희들이,You guys
놈들,bastards
병원에서,at the hospital
믿는,believe
회사,company
떨어진,fallen
간에,liver
쪽,side
다야,That's it
선물,gift
안되는,It doesn't work
찾아서,find
전쟁을,war
친구들이,friends
마이클,Michael
싸울,fight
만나고,meet
기다리는,waiting
쉬운,easy
매니,Manny
말로는,In words
관심이,Interest
에이미,Amy
사람이에요,It's a person
끝난,done
원치,want
재밌는,fun
말인데,Speaking of which
그렇겠지,I guess so
피,blood
예전에,Before
건배,Cheers
뭔데요,What is it
알면,If you know
엄마도,Mom too
것들이,things
하려는,want to
맨날,everyday
있군,There is
물러서,Step back
숨,breath
팔,eight
더러운,dirty
옳은,correct
출혈이,bleeding
즐거운,happy
다음엔,Next time
뭐해,What are you doing
준비됐어,I'm ready
검사,test
제기랄,Shit
길이,length
나만,only me
있고요,There is
이것은,this is
좋겠다,Envy you
전에도,Even before
함장님,Captain
관해,About
원,one
죽음을,death
사람들의,People's
해라,do it
알잖아요,You know
거란,Khitan
다리를,legs
어젯밤에,last night
보내고,send
쟤가,He is
오후,afternoon
영향을,Affect
바라는,wishing
만나러,to meet
이러는,Like this
다음은,next
보죠,Let's see
말해야,I have to say
몸에,on the body
아빠한테,To dad
약속을,promise
드릴게요,I'll give it to you
미안하다,sorry
바람,wind
있다고요,There is
은,silver
하나를,one
최소한,at least
전하,majesty
조니,Johnny
발사,launch
무서운,scary
못하고,I can't
이길,beat
일어날,wake up
말하자면,as it were
까지,until
나보다,than me
둘은,The two
놈들은,They are
능력을,ability
차에서,in the car
않네,It's not
생각했어요,I thought
그랬죠,It was like that
상처를,hurt
생겼어,It looks like
물이,water is
가까운,near
켄,ken
없나,Is there any?
보라고,Look
불을,light up
종일,all day
레이,ray
아이구,Oops
미래를,the future
하나의,Single
점심,lunch
나가요,I'm going out
최근에,Recently
있었다고,There was
최고,best
가라,good
파티에,to the party
진짜야,Really
아픈,Hurt
리가,riga
것들,those
전에는,late
맞았어,You're right
걸어,walk
않나요,Isn’t it?
효과가,It works
때부터,From when
수술에,to surgery
되나요,Does it work?
도시,city
아래,under
모릅니다,I do not know
자리,seat
죄를,sin
가져다,bring it
감히,dare
진심이야,I'm serious
돌려,turn
뭐하고,What are you doing
누구지,Who is it
아닌가요,is not it
저흰,We
일인지,Is it work?
인간의,human's
저의,my
그땐,At that time
명의,Name
남았어,There's left
하루종일,All day
자막,Subtitle
쉽지,It's easy
하러,to do
전까지,Until
냄새,smell
갈래,Shall we go
여기선,Here
생명을,life
바꿀,change
아내,wife
어떻게든,somehow
필요로,need
문이,the door
술을,alcohol
끝나면,When it's over
왔지,came
무기,weapon
버리고,Throw away
지역,region
해줘요,Please do it
어젯밤,yesternight
된다면,If I could
올려,Put it up
싶다면,If you want
좋게,good
될지,Will it happen?
끌고,drag
거래를,make a deal
볼까,Let's see
조심해요,Careful
지금부터,From now on
폐하,your majesty
만,only
미안한데,I'm sorry
축하해,congratulations
하,under
인생,life
안전하게,safety
말하길,said
언니가,My sister
유명한,famous
숨어,behind
로,as
밤새,Overnight
처음엔,at first
나요,It's me
잠을,Sleep
세상은,The world
얘는,This is
오랜,long-time
최근,recent
좋죠,It's good
카레브,Karev
내말은,I mean
리처드,richard
사람한테,To people
학교에서,At school
달려,run
갈거야,I'm going
왼쪽,left
사실이,It's true
경우,case
안해,I will not
수많은,Countless
가기,Going
귀여운,cute
채,stick
크리스,chris
하니,hani
소식을,news
의미가,meaning
사람과,with people
받았어요,received
됐습니다,Done
전쟁,War
손이,hand
장난,joke
괜찮니,Are you okay
시작해,start
아니니까,Because no
스콧,scott
드릴까요,Would you like
마셔,drink
쿠키,cookie
보이는데,I can see it
끝났어요,It's done
방에서,in the room
카라,Kara
담배,cigarette
잘하고,Doing well
내겐,To me
저에게,to me
파티를,party
폴,pole
뿐이지,It's just
맘대로,As you like
전해,the year before
데리러,pick up
장,page
삶의,of life
괜찮습니다,it's okay
찰리,Charlie
없었다,There was no
영국,uk
왔네,You came
필요합니다,Required
라,la
대니,Danny
이상해,Strange
사건이,the incident
매번,every time
거잖아요,That's right
보스,boss
걸세,Girl
생각해봐,lets think
오신,Welcome
비밀을,secret
있긴,There is
개를,dog
간다고,I'm going
빠르게,fast
생각합니다,I think
괜찮으세요,Are you okay
어찌,How
오른쪽,right
말로,in words
위험해,Dangerous
범인은,The culprit is
가방,bag
떠나지,leave
만들었어,I made it
싶다고,I want to
개가,a dog
뉴욕,New York
그러세요,Please
먼,far
있는거,There is something
이따,later
느낄,feel
우와,wow
위하여,for
열쇠,key
도시를,the city
낼,tomorrow
바닥에,on the floor
든,All
생각했는데,I thought
진,jin
말했지,I said
가르쳐,teach
마찬가지야,Same thing
깊은,deep
났어,It happened
물건,thing
금지,prohibition
살아있는,alive
또는,or
찾으면,If you find it
존나,Damn it
떠나,leave
가죠,Let's go
사람들도,People too
않았습니다,didn't
파블로,pablo
선물을,a gift
자격이,qualified
스스로를,yourself
마을,Town
손으로,by hand
누나,sister
놈들을,Those guys
때문이지,Because
비슷한,Similar
없이는,without
갑니다,going
계신,you are there
아가야,Baby
시체를,the body
데려가,Take it away
말해요,tell me
자가,self
옳지,That's right
어릴,young
듯,Seems like
된다는,It's said
잘못이,It's my fault
아시죠,You know
동시에,at the same time
형은,My brother
안다고,I know
이동,movement
음식을,food
아빠랑,With dad
전까진,Until now
고작,At best
만들지,I won't make it
해야할,have to do
준비를,get ready
못했어요,I couldn't do it
번역,translation
범인이,The culprit
죽이려고,to kill
수술은,The surgery
뿐,only
싶을,want to
누구나,everyone
우리랑,with us
너희들은,You guys
언제부터,Since when
누구든,anyone
관심을,interest
관련된,Related
음식,food
걸릴,take
소릴,noise
왕이,king
찾지,I can't find it
약속,promise
들려요,I can hear you
온다,come
어떤지,What is it like?
보여줘,show me
생각이야,It's a thought
무척,very
치프,Chief
인간이,human
알겠죠,You understand
대해선,About
않네요,It doesn't work
개인,individual
전부터,From before
데이비드,david
잘됐네,That's good
내려놔,Put it down
놀라운,amazing
엄청나게,incredibly
똑똑한,smart
행동을,action
위험을,risk
연락,Communication
도,do
화장실,restroom
1년,1 year
사랑은,Love is
부르는,vocative
생기면,If it happens
부모님이,my parents
부인이,The wife
하겠습니다,I'll do it
넣어,Put
힘들어,it's hard
감정을,feelings
커다란,big
위에서,from above
진정해요,Calm down
세상의,of the world
싶진,I don't want to
형님,older brother
돌아오지,I won't come back
방을,the room
결과를,the result
있으세요,Do you have
않았지,It wasn't
소식이,There is news
임무를,mission
사장님,president
하긴,but
하나요,Do you do it?
남아,stay
듣지,listen
신,god
오빠가,My brother
앨리슨,Allison
아내는,my wife
하자고,Let's do it
보안,security
맞습니다,you're right
아래로,Under
버크,burke
이러면,If this happens
약간의,Slightly
모르겠는데,I don't know
대부분,mostly
없었죠,There wasn't
원해요,I want it
모르잖아,You don't know
미안합니다,I'm sorry
누구요,Who is it
싸우고,fighting
없군,No
줬어,I gave it to you
저와,with me
할래,I want to do it
같구나,It's the same
됐네,That's it
왔을,came
대학,university
드릴,drill
좀더,more
검사를,inspection
예전,Previous
싶습니다,I would like to
스티븐스,stevens
이거야,This is it
있겠어요,Is it possible?
않았을,wouldn't have
나가는,outgoing
반갑습니다,Nice to meet you
아저씨가,Uncle
질,quality
기억을,remember
돕고,helping
죽기,die
봤을,saw it
섹스,sex
올게요,I'll come
떠난,left
하네요,It does
누구랑,with who
앤,Anne
누군가는,someone
아들은,The son
바,bar
마음대로,as you please
만나게,meet
않아서,Because
결혼을,get married
보니까,Looking at it
씨는,Mr.
잃은,bereaved
그런게,Something like that
엄만,mom
해봐요,Try it
빨간,Red
때문이죠,Because
강력한,strong
환자의,patient's
대통령님,Mr. President
맥주,beer
아니거든,no it's not
얘기하는,talking
중요하지,It's not important
늦었어,late
남편은,My husband
크고,big and
두번째,second
해서요,Because
연락을,contact me
왜죠,Why?
나무,tree
만세,hurray
쉐퍼드,Shepherd
자유,freedom
관계를,relationship
싸우는,fighting
거라는,That's it
경찰에,to the police
기다릴,wait
여행,travel
이제야,Now
여자랑,With a woman
그곳에,there
치료를,treatment
자네에게,to you
종류의,kind of
연락이,Contact me
줄까,Should I give it to you?
안했어,I didn't do it
고,go
만나는,meet
달린,ran
루시,Lucy
그렇군,Right
않을까,Wouldn't it be
안그래,is not it
전화해서,By calling
나와서,come out
지금이,Now is the time
괜찮을거야,It will be fine
세게,Harder
이것이,this
신발,shoes
답을,answer
팀이,team
괜히,in vain
헤일리,Hailey
셰퍼드,shepherd
있을지도,maybe
서서,standing
애야,Baby
결과가,the result
해냈어,I did it
했나,did you do it
별거,separation
러시아,russia
아빤,Dad
알겠다,i get it
밤을,night
루시퍼,lucifer
전화해,Call me
달리,unlike
이야기는,The story is
친한,friendly
하겠어,I will do it
어떤가,What is it like?
증거가,there is evidence
사랑이,love
깜짝,surprise
있었을,there was
가봐야,I have to go
행복해,happy
대부분의,Most of
생각한,thought
침대,bed
넣고,put it in
밑에서,from below
않았죠,It wasn't
걸고,Put it on
증거를,evidence
칼을,a knife
게임을,play the game
침대에,in bed
가족은,family
봅시다,let's see
타마오,tamao
나왔어,I'm here
거래,transaction
행복하게,happily
녀석은,The guy
영혼을,the soul
삶은,boiled
위험에,in danger
끝날,It will end
두려워,I'm afraid
개인적인,personal
아버진,father
저들은,They are
뭡니까,What is it
즉,in other words
2년,2 years
미스,miss
중국,china
속,inside
걱정마,don't worry
여지가,There is room
가라고,Go
가야지,I have to go
집은,The house is
봐서,Seeing it
결혼식,Wedding ceremony
자를,cut
기꺼이,Gladly
없으니,Because there is no
여기야,It's here
오게,come
싫어하는,reluctant
하시는,Doing it
몇몇,some
있다가,later
확실한,sure
물어봐,ask
필요하면,If necessary
누구한테,To whom
결과,result
없었지,There wasn't
말게,Don't
정신을,spirit
부르지,I'll call you
케빈,Kevin
제시,proposal
그쪽,over there
새끼야,You bastard
불이,fire
영화를,movie
맨,Man
나한텐,To me
늦게,late
간단한,simple
상당히,Pretty
너흰,You guys
발을,feet
이후,after
이리로,Come here
보입니다,I see it
줄래,Will you give it to me?
돈도,Money too
다르게,differently
삶이,life
다치게,hurt
뿐입니다,It's just
생각보다,Than you think
나에,My
차는,filled
살짝,a little
못하면,If you can't do it
상처,wound
필요도,No need
하셨어요,You did it
곳이야,It's a place
죽음의,of death
빈,bean
필요없어,I do not need
농담,joke
번만,Just once
번이나,once
있는건,What is there
드세요,Please eat
어쩌다,somehow
잡았어,Got it
동생이,My younger brother
뭐냐,What
미첼,Mitchell
건물,building
있대,They say there is
여자야,Is it a girl
좋아할,like it
인생은,Life is
챙겨,take
됐고,It's done
이상하게,wonderfully
잃을,lose
모른다고,I don't know
생각하면,If you think about it
거라고요,I guess
인생이,life
약속해,Promise
자동차,automobile
들어봐요,Listen
없을거야,There won't be
예를,example
돌아가서,home
편지를,The letter
빌리,Billy
10분,10 minutes
안다,know
일하러,to work
걸린,hanging
질문에,to the question
뒤에서,from behind
미,mi
주에,in the week
말했죠,I said
너희는,you guys
끝나고,after finish
말에,in words
대통령,president
보냈어,Sent it
안나,Anna
시간이야,It's time
춤을,dance
오늘이,today
행크,Hank
달러,dollar
끝이야,It's over
에이버리,avery
거네,It's there
일주일,one week
꼬마,Little
가슴,chest
완료,complete
이야,Hey
한가지,one thing
어딨어요,Where are you?
아니겠지,Probably not
갈까,Should I go?
아들아,Son
배리,Barry
땅에,on the ground
신은,God is
고맙소,Thank you
신경쓰지,I don't care
나왔어요,I'm here
누군데,who
30분,30 minutes
있었잖아,There was
어딨는지,Where is it?
남편을,my husband
비록,Although
뒤를,behind
너야,it's you
마십시오,do
딘,dean
그만둬,stop
받아야,I have to get it
마실,drink
심하게,badly
5분,5 minutes
들었는데,I heard it
오기,coming
없게,without
소중한,precious
개의,doggy
할아버지가,Grandfather
어쩌지,What should I do?
가려고,to go
호텔,hotel
듣는,listen
나이,age
일종의,sort of
필요하지,I don't need it
일들이,things happen
더욱,More
안되요,No
제이크,Jake
치워,Put it away
저도요,me too
거였어,It was
엄마의,mom's
인생의,of life
할머니가,Grandma
당신이랑,With you
거군요,That's it
지내,stay
아기는,The baby
어떨까,What about
아니네,Nope
경찰을,police
쉬어,rest
해결할,solve it
전화가,There is a phone call
공격을,attack
아니라는,It's not
신부님,Father
별일,special day
하느님,God
걱정할,worry about
사고가,accident
찾기,find
길에,on the road
보이네,I see it
나가야,I have to get out
데려와,Bring it
사람들과,with people
빠른,fast
돌아가는,going back
일들을,Do things
말해봐요,Tell me
신을,God
자말,Jamal
수밖에,I have no choice but to
줬어요,I gave it to you
걸려,caught
이대로,like this
에이,no way
보내는,sending
어머니는,mother
가득,full
보여줄,to show
않도록,so as not to
아이의,child's
있다구요,There is
안됩니다,It's not possible
힘,strength
바람에,in the wind
헬렌,helen
및,and
않은데,I don't think so
쓰레기,trash
들었지,I heard
도움,help
메시지를,message
치고,hit
일할,work
모른다,I do not know
아예,At all
않잖아,It's not
다리가,legs
팔을,arm
같애,Same
보인다,see
죽었다고,He died
정보가,information
하도록,so
생각하세요,think
빌,bill
이곳,this place
계획은,The plan is
나보고,Look at me
그런가,is it
좋고,good and
누구세요,who are you
굳이,Why?
자식이,child
언제든,whenever
완벽하게,perfectly
아이들,children
안전해,It's safe
않다고,No
해보자,Let's do it
앉으세요,Sit
받게,receive
된거야,It's done
하셨죠,You did it
어떠세요,How are you?
계속해서,Continue
않았다면,If not
했네,I did it
각자,Each
단순한,simple
맛이,Taste
있었나,Was there
무릎,knee
눈으로,with your eyes
감옥에서,in prison
좋겠네요,That would be nice
채로,As it is
충분한,enough
있었으면,If there was
되겠죠,It will work
싶다,want
물어,bite
정도면,That's enough
어딘가에,somewhere
군대를,army
소식은,The news is
하더군요,He said
보이네요,I can see it
포,pho
멈추지,stop
사,buy
경찰은,The police
신호를,signal
차려,set up
없거든,Because there is no
있을거에요,There will be
문자,message
불러요,Call
선택을,make a choice
오셨어요,You came
남의,someone else's
나가자,Let's go out
등,etc.
가짜,FALSE
사건에,in the case
역할을,role
몇가지,a few
아파요,sick
상황에,in the situation
아니란,No
이름으로,by name
차로,by car
줘야,I have to give it
뿐이죠,That's it
틀렸어,Wrong
있어서요,Because there is
우,right
따라서,thus
뭐니,What is it
말만,Just talk
정보,information
좋다고,I like it
말해줘요,tell me
아이들은,children
이유,reason
쇼,show
아빠도,Dad
왠지,Somehow
않는다고,I don't say
총에,to the gun
되기,becoming
지구,earth
향해,toward
전체를,the whole
와인,wine
꿈이,dream
싶지만,I want to but
쳐,Hit it
독일,germany
사랑의,of love
반가워,nice to meet you
많지,A lot
늙은,old
쏘지,Shoot
비디오,video
확실하게,Surely
오히려,rather
토레스,Torres
않니,Isn’t it?
부를,wealth
목소리,voice
얘기야,It's a story
레드,Red
거면,If you are
그녀와,with her
올라가,go up
희망을,hope
알려줘,let me know
월터,Walter
주셔서,Thank you
멈출,stop
그나저나,by the way
차례야,It's your turn
고등학교,high school
저요,Me
사실이야,It's true
주십시오,please give it to me
소식,News
온거야,It came
실제,real
기록을,record
괜찮다고,It's okay
말하기,speaking
이틀,Two days
들어가면,When you go in
선택의,of choice
멋져,cool
회사를,the company
한참,long time
어땠어,how was it
그에,On that
방으로,to the room
찰스,charles
알겠지만,"You know, but"
모자,hat
엘리자베스,elizabeth
손님,customer
하나님,father
프랑스,france
이를,This
질문이,I have a question
이상의,ideal
됐는데,It's okay
일어나는,astir
합시다,Let's do it
요새,these days
미국의,american
그러는데,That said
뜻은,The meaning is
성,castle
작전,Operations
여자와,with a woman
사랑하지,I love you
너무나,too
부모님,parents
여행을,trip
않았으면,I wish it wasn't so
사랑한다,love
돌아온,back
관련,related
벌,punishment
목소리를,voice
중요해,It's important
때문에요,Because
하잖아요,You say it
몰라서,Because I don’t know
먹으면,If you eat it
그렇구나,I see
여잔,girl
그니까,So
홈즈,holmes
릭,Rick
헌트,hunt
오라고,Come
여러분이,Everyone
입에,in your mouth
존스,jones
있으니까요,Because there is
줘서,For giving me
있었나요,Was there
물어볼,to ask
조이,joy
컴퓨터,computer
상황은,The situation is
싶네요,I think so
봤다고,I saw it
붙어,stick
복잡한,complicated
보일,Boyle
팀을,team
다행이다,thank god
결국엔,eventually
물에,in the water
화를,angry
자세히,Details
필요하다고,I need it
2번,No.2
가시죠,Let's go
어두운,dark
뛰어난,excellent
여성,female
일인데,It's work
변호사,lawyer
지켜,Protect
가져왔어,I brought it
바래,Hope
말해서,speaking
2주,2 weeks
놈이야,It's a guy
태어난,born
나가면,When I go out
낫지,It's better
이들은,These are
나머지는,rest of it
돼지,pig
저걸,That
해리,harry
옛,ancient
동네,town
정말이지,Really
고칠,fix it
이야기가,the story
끝이,the end
인간은,Humans are
하킴,Hakim
능력이,ability
전체,entire
대신에,Instead of
깊이,depth
어딨지,Where is it?
같다고,It's the same
벽에,on the wall
이상은,Lee Sang-eun
탈,mask
언젠가는,Someday
그림,painting
그보다,rather than that
없었던,There was no
있군요,There you are
어쩌고,What about
책임을,responsibility
말씀을,say the words
아멘,amen
우주,universe
중에서,Between
때를,When
앉아요,sit down please
여섯,six
순간을,moment
보려고,to see
기억하지,don't remember
죽였어요,I killed it
하루에,Per day
그린,green
사무실에,in the office
손님이,customer
이해해요,I understand
전쟁이,war
비가,elegy
10년,10 years
왕,king
것들은,things
나을,better
녀석을,The guy
때문이에요,It's because
그렇겠죠,I guess so.
몸은,The body
지킬,Jekyll
마틴,martin
카드,card
모르겠습니다,I do not know
좋았어요,It was good
공주님,princess
어떻게요,how
달라요,different
했거든,I did it
뜻이죠,It means
해치지,Don't hurt me
받아요,take it
잘됐네요,Good for you
어머니를,mother
꺼,turn off
맡아,Take charge
비행기를,the plane
이러고,Like this
알겠네,I understand
계획,plan
노아,Noah
그래야지,That's how it should be
우리에겐,For us
신호가,signal
슬픈,sad
내일은,tomorrow
인해,Because
잃고,lose
지미,jimmy
이름도,Even the name
수술실에,in the operating room
가져가,take it
남을,others
주변에,Around
엄마와,with mom
않다,not
움직일,move
그런거야,That's it
혈액,blood
꼬마야,Kid
피해,damage
확실해요,I'm sure
다니는,Dani
사랑한다고,I say I love you
이곳에서,Here
권리가,have the right
되나,Does it work?
필립,philip
유일하게,the only one
겠어,I guess
하는거,Doing it
재미,fun
해야겠어,I have to do it
접근,Access
에디,Eddie
선을,line
생각에는,In my thoughts
로버트,robert
동생을,my younger brother
떠나는,leaving
돌아와서,come back
식사,meal
무엇이,what
했거든요,I did it
먹은,ate
코너,corner
상관없어요,does not matter
목에,on the neck
춤,dance
부모님은,My parents
데이브,dave
비,rain
마리,number of animals
못된,naughty
있었지만,There was
축하해요,congratulation
같았어,It was the same
사라진,disappeared
대화,conversation
엘리엇,Elliot
관계가,relationship
됐네요,That's it
아내와,with my wife
얘기도,Talking too
멈춰요,Stop
왓슨,Watson
저번에,The other day
볼게요,I'll see
이란,Iran
음악을,music
대장,Leader
건데요,It's a thing
아줌마,Madame
인생에서,in life
총알이,bullet
들지,lift
국장님,Director
방법,method
끝에,at the end
되니까,Because it works
죽이려,kill me
되겠어,It will work
관련이,related
있구나,There it is
사람들한테,To people
되는지,Is it possible?
위해서요,For
안된다고,I said no
저녁에,In the evening
어떠한,any
말했잖아요,I told you
맞춰,Guess what
못하겠어,I can't do it
했었어,I did it
자요,sleep
하겠지,I will do it
설명할,explain
자유를,freedom
뜻이,meaning
했었지,I did it
편하게,comfortable
높이,height
찾아봐,Look it up
매,hawk
당시,at that time
해가,the sun goes down
법,law
어디가,Where
만에,After a while
키루밍,Key rooming
명은,My name is
잠이,sleep
모습이,The appearance
듣기,Listening
파는,selling
새벽,dawn
둘을,Two
그려,draw
외과,surgery
같으니,It's the same
카논,canon
달러를,dollars
침대에서,in bed
제안을,make a suggestion
범죄,crime
보기엔,At first glance
진정,Calm
다행이야,thank god
나이가,The Age
캡틴,captain
사람으로,As a person
배에,on the boat
되길,I hope it happens
살게,I'll buy it
어머나,Oh my goodness
끝,end
잘못이야,It's wrong
있는거지,It exists
둘이서,Two of us
풀어,release
엉덩이,hip
잊고,forget it
부탁,ask
통해서,Through
거기로,there
힘들게,difficult
폭탄을,bomb
해주고,I do it
읽고,read
이곳은,This place
만일,if
시작한,started
그도,He too
와줘서,For coming
말해줄,tell me
싫다고,I don't like it
여러분의,your
딸은,The daughter
이해를,understand
뭘요,What
있는걸,There is
손가락,finger
수술실에서,in the operating room
나처럼,like me
공격,attack
같아서요,I think it's the same
있었네,There was
같았어요,It was the same
않겠어,I won't
사랑하고,love
갖게,have
없단다,There is no
명을,command
와봐,Come
나오면,When it comes out
릴리가,Lily
타는,burning
주려고,To give it to you
아시잖아요,You know
땅을,land
이곳을,This place
말해주지,I'll tell you
부분을,part
상태로,in the state
도로,road name
이유로,reason
살아요,live
마음은,The heart
배포,distribution
드리죠,I'll give it to you
내고,pay it
왔는지,Did you come?
들,field
웨버,Weber
말했던,said
먹으러,to eat
진지하게,Earnestly
얘기하지,Let's talk
줄을,line up
여자의,woman's
원하면,If you want
해야만,I have to
들어와요,Come in
목이,sore throat
책임이,responsible
만들었어요,I made it
미란다,Miranda
이쪽,this way
버릴,Throw away
키,key
해본,tried
런던,London
먹었어,ate
봅니다,see
지냈어,How have you been?
후로,Afterwards
개인적으로,Personally
거나,Or
지금쯤,By now
살인을,murder
여자들이,women
됐나,Is it okay?
캘리,Callie
아래에,Under
뭐가요,What
생길,will happen
은행,bank
결혼할,to get married
바비,Bobby
아버지와,with my father
편지,letter
않았고,didn't
안되지,No way
말대로,As said
볼게,I'll see
상황,situation
되서,Because
누구라도,anyone
누워,lie down
보이고,I see it
삼촌이,uncle
스티브,Steve
치료,therapy
3년,3 years
그놈이,That guy
여자들은,The women
하거든,Because I do it
있었다면,If there was
엘리스,ellis
들어온,came in
해낼,do it
알려,let me know
들면,If
상상도,imagination
단순히,simply
시작했어,I started
몰리,molly
전체가,the whole
도망쳐,run away
안녕하십니까,hello
하던데,They said
들어오세요,Come on in
하다니,should
정확한,accurate
보냈어요,I sent
부스,booth
마리아,Maria
적절한,appropriate
데가,day
않소,No
대기,atmosphere
잃었어,I lost it
트럭,truck
개자식,motherfucker
견딜,endure
재밌게,Have fun
너처럼,As you
쉬고,rest
위험해요,It's dangerous
천,cloth
생각하나,Do you think
에릭,Eric
들으면,If you listen
다만,but
데이빗,david
선생님을,teacher
만났어,met
시키는,Shiki
짐을,us
윌슨,wilson
오웬,owen
남자의,man's
기다려봐,wait
부인은,The wife
짓은,did
충분해,that's enough
나와요,Come out
케이트,kate
앤디,Andy
꼼짝,Stuck
전투,battle
없겠지,Probably not
탄,burnt
브라이언,Brian
키스,kiss
대해서는,About
안전하지,not safe
무언가를,something
게이,gay
되잖아요,It works.
형제,sibling
적을,enemy
폭탄,bomb
않을거에요,I won't
그들과,with them
확인하고,check and
한테,to
교수님,professor
불가능해,It's impossible
않았지만,"I didn't, but"
하겠어요,I will do it
속의,generic
흥미로운,interesting
일곱,seven
씨를,seeds
내로,Inside
남자랑,With a man
따뜻한,warm
섹스를,have sex
있대요,They say there is
말고요,No
성하,His Holiness
영웅이,hero
무언가,something
너만,only you
먹지,Eat
사라,Sarah
거란다,That's it
으,eww
숙녀,Lady
아니까,I don't know
잤어,I slept
토미,Tommy
포기하지,Don't give up
안되,no
되네,It works
드는,lifting
슬론,sloan
틀림없이,definitely
친구들을,friends
생겼어요,I have
수업,class
걸까요,Is it
있구요,There is
시,city
하길,I hope so
가는데,I'm going
머피,murphy
바꿔,change
사람이랑,With people
놀고,playing
세계를,the world
아니란다,No
귀찮게,plaguy
열쇠를,the key
당신에,to you
잘해,do well
훔친,stolen
전까지는,Until
속으로,Inside
대답해,Answer me
잠,sleep
최고야,the best
세상에나,Oh my god
루이스,Louis
보면서,While watching
롭,Rob
기분은,The mood
조심,careful
5년,5 years
되는거야,It will work
알겠나,Do you understand?
이제부터,From now on
그것에,thereto
일어나지,wake up
특별히,especially
잃어버린,lost
때문입니다,because of
대고,against
사무실에서,in the office
부분이,part
새끼가,Baby
심한,severe
주의,caution
똑같아,Same
사건은,The incident
치즈,cheese
들어가는,entering
매년,every year
문제에,in trouble
일어나서,afoot
목,neck
안전을,Be safe
빚을,debt
거리를,distance
맛있는,delicious
이번에는,this time
맞았어요,That's right
시간도,Time too
되었습니다,It's done
의하면,According to
감정이,feelings
열고,open
빈센트,vincent
박사가,The doctor
안전,safety
당신네,You guys
닥치고,Shut up
양이,Sheep
벽을,the wall
잭슨,Jackson
감정,emotion
가야겠어,I have to go
왔구나,You came
복수를,revenge
생각했던,thought
과연,indeed
편이,On the side
아프게,hurts
맞을,Right
형을,Brother
아닐까,Maybe
뭔가요,What is it
써요,Use it
궁금해,curious
이용해,use it
전기,electricity
되세요,Have a good time
알렉스가,Alex
붉은,Red
아무데도,nowhere
원하는게,What you want
죄송한데,I'm sorry
때문이,Because
시작했어요,I started
섹시한,sexy
너나,You too
도와드릴까요,Can I help
신사,Gentleman
왔죠,I came
찾았다,found
목소리가,voice is
길은,The road is
부탁이야,please
칠,seven
사라졌어,It's gone
이번에,this time
돌아가고,go back
생각했죠,I thought
텐데요,I guess
누구를,who
사업을,business
살지,I will live
친구들은,Friends
정부,government
시험,test
운명을,fate
거겠지,I guess it is
백인,White
얻은,obtained
괴물이,monster
없는데요,I don't have any
수술실,operating room
느끼는,feel
해야죠,I have to do it
없었습니다,There was no
그러길,I hope so
그럴지도,Maybe so
끝낼,finish
없단,There is no
잘난,proud
계속해,continue
도저히,No way
왕의,royal
기뻐,Happy
바보같은,Goofy
무슨일이야,what's the matter
전쟁은,war is
살릴,Salil
택시,taxi
찍은,hewn
조만간,soon
진정하세요,calm down
대답을,answer
평화를,peace
테디,teddy
용감한,brave
맞은,stricken
돌아왔어,I'm back
시작하자,Let's begin
작년에,Last year
묻는,asking
하거든요,Because they do it
브라보,bravo
글을,write
토마스,Thomas
왔다고,I came
바란다,I hope
났어요,It happened
24시간,24 hours
불가능한,impossible
뇌,brain
넘게,more than
상처가,hurt
그럴게요,Okay
정확하게,accurately
혼자가,go alone
점은,The point is
이사,move
없군요,There isn't any
임신,pregnancy
그림을,drawing
속도를,speed up
잔뜩,loads
알았다고,I knew
떠나야,have to leave
에드워드,edward
토니,Tony
하진,Hajin
준비됐어요,I'm ready
세워,stand up
여름,summer
감독,director
만지지,don't touch
저기에,over there
보여주고,Show me
대충,Roughly
경,kyung
친구도,Friends too
장소를,place
어떡하지,What do we do
이해하지,I understand
많고,There are many
아무거나,anything
조지가,George
신경을,Pay attention
악마가,the devil
자랑스러워,I'm proud
규칙을,rules
굴지,prominence
말인가,What do you mean?
저기서,over there
시체,dead body
임무,mission
하기로,I decided to do it
쉬,pee
어쩜,How
누나가,My sister
가야해,I have to go
하든,Harden
배운,learned
떠나고,leaving
아야,ouch
감옥,prison
오전,morning
사망,Dead
창문,window
가족과,with family
보네,I see it
걱정은,Worries
잡았다,Got it
제리,Jerry
당겨,pull
맞고,hit
방식으로,in a way
돌아오면,When I come back
리코,Rico
각,each
라그나,Ragna
벗어,Take it off
데려,take me
줄래요,Will you give it to me?
방법으로,in a way
일어나고,wake up
알어,I know
바람이,The wind
갔지,I went
이용해서,By using
들어올,come in
없다고요,There isn't any
안해요,I don't do it
읽어,read
쓰면,If you write
마을을,the village
조금이라도,even a little bit
어디든,anywhere
번에,at once
미안하네,I'm sorry
건드리지,don't touch
대령님,Colonel
언젠간,someday
알기,know
구하고,Seeking
해주지,I'll do it for you
3번,number 3
자긴,Well done
찾게,Find it
데려갈,take me
만나면,When we meet
조사를,Do an investigation
바래요,I hope
더그,Doug
오줌,pee
없었고,There was no
생각했지,I thought
운,luck
갔는데,I went
지키고,protect it
재판장님,Your Honor
종종,often
못하겠어요,I can't do it
병원으로,to the hospital
죽어가고,Dying
했다는,did
고맙지만,"Thank you, but"
엔진,engine
거기다,There
같진,Not the same
레지던트,resident
두지,Doji
언니는,My sister
살면서,While living
각하,dismissal
훌륭해,great
애들한테,To the kids
차고,garage
촬영,filming
스트레스,stress
여기에서,From here
의사를,doctor
내는,smoking
지는,losing
바람을,the wind
어느날,One day
알지도,I don't even know
블랙,black
않았나,Wasn’t it?
지키는,guarded
시신을,the body
애초에,In the first place
있을게,I'll be there
연방,commonwealth
그분은,He is
고통,pain
하시죠,Let's do it
걸렸어,I got caught
비밀로,secretly
결혼한,married
들어와서,come in
당한,suffered
나라를,the country
그런건,That kind of thing
지내고,How are you doing?
어딘지,Where is it
즐겁게,happily
연구,research
허나,However
뜻인지,Is this what you mean?
줄게요,I'll give it to you
솔직하게,honestly
나리,lily
아닌데요,It's not
서류,document
가슴이,The chest
안했어요,I didn't do it
작전을,operation
것이고,and
대가를,price
일본,japan
온갖,all kinds
장난해,Are you kidding me
현장에서,in the field
영상을,video
말씀이,The words
왔나,Did you come?
시스템,system
대부분은,Most of the time
데릭이,Derek
하고요,I do
아이스크림,ice cream
원했던,wanted
엄마야,It's mom
엉덩이를,Ass
버스,bus
돌아가야,I have to go back
부탁해요,please
혈압이,blood pressure
묻지,I ask
핸드폰,cell phone
모르게,Without knowing
멍청아,You idiot
준비하고,get ready
유카와,yukawa
처리할,to handle
정말이에요,Really
뜻이지,It means
비싼,expensive
잃게,lose
허,her
올거야,will come
잡는,grasped
벽,wall
부탁해,please
눈은,The eyes
배고파,hungry
주로,mostly
저것,that
놔두고,leave it
남자들은,Men
구멍을,hole
했나요,Did you do it
일만,ten thousand
힘들,Tiring
돈으로,with money
우연히,by chance
시스템을,system
대위님,Captain
애기,baby
가져왔어요,I brought it
않는다는,That's not
없었는데,There wasn't one
총이,The gun
너희를,you
말했듯이,As I said
네이단,nathan
자식아,You bastard
무,radish
조엘,Joel
받으면,If you get it
사실대로,truthfully
않습니까,Isn't it?
뜨거운,hot
멋지네요,awesome
같고,It's the same
오버,over
상황에서,In the situation
편히,comfortably
말해도,Even if I say it
좋겠네,That would be nice
때문이다,Because
파트너,partner
존재하지,Doesn't exist
감시,watch
공,ball
돕는,helping
것이오,That's it
클리어,clear
위,stomach
누구시죠,Who are you
앞으로도,In the future too
올리버,oliver
홀로,alone
신이시여,Oh God
그래서요,So
왜그래,what's the matter
덕에,Thanks to you
상대가,The opponent
그쵸,Right
아시겠죠,You know.
위험,danger
나라면,If it were me
인턴,Intern
그럴거야,It will happen
거였어요,It was
서둘러요,Hurry up
님,sir
병,party
점이,point
치료제를,a cure
시작하면,When you start
누군가의,someone's
못할거야,You won't be able to do it
긴급,emergency
아무나,anyone
자기를,Self
리디아,lydia
정부가,the government
그러니깐,So
싱크,sink
말이예요,I mean
작업을,The work
아니라고요,No
마이,my
기술을,technology
느끼고,feel
출발,depart
나간,went out
들어서,I heard it
젠장할,Damn it
꽃,flower
동물,animal
과장님이,The manager
묻고,ask
짧은,short
가슴에,in the chest
도시에,in the city
다르지,It's different
백,hundred
죽었다,dead
여자애,girl
구해,Save it
무서워요,scary
20분,20 minutes
딱히,Not really
코,nose
제이슨,jason
볼래,I want to see you
있냐,Is there one?
또다른,Other
드레스,dress
사이,between
하나야,It's one
사이가,saiga
남자친구,boy friend
부분은,The part is
남자와,with a man
않겠지,Probably not
운전,drive
선장님,Captain
늦은,late
거에,About
밤이,the night
삶에,in life
영원한,forever
좋아서,Because I like it
갔을,went
최대,maximum
쪽에,on the side
무섭네,It's scary
바다,ocean
앨런,alan
졸라,Ask me
오후에,Afternoon
애나,Anna
자네와,With you
될거에요,It will work
긴장,nervous
폭풍이,the storm
마저,Even
연락해,call
가슴을,breasts
빌어,pray
나가게,Let's go out
밤은,The night is
사건의,of the incident
주말에,On the weekend
하얀,White
한대,one
시체가,the body
참아,Hold on
스타크,stark
암,cancer
론,theory
본적이,Have you seen it?
테스트,test
아서,Arthur
통,container
집도,house too
뭐에,To what
약속할게,I'll promise
찍고,Take a picture
찍어,Take a picture
죽었을,dead
확,sudden
나라,country
배울,learn
위해선,For the sake of
많아서,There are a lot
시애틀,Seattle
너에,To you
윌리엄,william
어떨까요,What about
해줄게,I'll do it
영광입니다,It is an honour
공연,show
자체가,itself
자신,Myself
하나씩,singly
상태를,status
장군님,General
읽을,read
꺼내,take it out
옆에서,from the side
흑인,black
사람이라고,It's a person
총은,The gun is
현장에,on the scene
잡아요,Catch it
다녀,Go
근처,around
빛을,light
테니까요,Because it will
꼴을,form
나오고,Come out
해군,Navy
종양이,tumor
이것을,this
따윈,Nothing like that
모르니까,Because I don't know
방이,The room
길로,By the way
않았는데,I didn't
바보야,you idiot
발견한,discovered
나오지,Come out
3일,3 days
메이,may
괴물,monster
하더군,They said
했소,I did it
말할게,I'll tell you
번호,number
마을에,in the village
베일리가,Bailey
온다고,It's coming
됐다고,It's done
넷,four
기다려야,wait
집어,Pick it up
강하게,strongly
당신들을,you
잘했어요,good job
했다면,If you did it
그렇다,Yes
알아낼,find out
그놈,That guy
여자친구,girl friend
지낼,stay
주인이,The owner
그렇소,exactly
완벽해,Perfect
않았다고,I said no
존재를,existence
모두의,everyone's
작업,work
그레이스,grace
주요,main
걔를,him
늦어서,late
날을,day
자기는,Self is
그녀도,She too
있었다는,there was
천만에요,you're welcome
조심하세요,be careful
사라져,Live
케프너,Kepner
죽였다고,I killed it
아무한테도,To no one
레이첼,Rachel
막아,Block it
의료,Medical treatment
마시오,don't drink
현명한,wise
이유야,That's why
내려와,Come down
없음,doesn't exist
잊을,forget
하려면,To
한동안,for a while
닫아,Close it
스캇,Scott
공식적으로,officially
여기를,here
걱정이,I'm worried
그러네,That's right
무고한,innocent
발견,discovery
할거에요,I will do it
노는,Playing
뚫고,Through
빅터,Victor
끝내주는,awesome
나하고,with me
그랬던,that was
봤잖아,You saw it
내릴,get off
다물어,Shut up
없거든요,Because there isn't one
같지만,Same but
나한테서,from me
나가지,Let's go out
대단히,very
느낌,feeling
병이,sick
양반,nobleman
수술실로,To the operating room
만났을,met
낯선,unfamiliar
않을까요,Wouldn't it be
울지,Don't cry
싫으면,If you don't like it
경고,warning
탐정,Detective
사진이,the picture
이라는,called
괜찮아질,It'll be okay
사악한,evil
그야,That's right
·,·
보렴,Look
믿어야,I have to believe it
애한테,To the child
사이의,between
않거든,Because I don't
기사,article
병원을,hospital
사소한,Minor
마침,Finish
어쨋든,anyways
여기도,Here too
안젤라,Angela
저녁을,dinner
왼쪽으로,to the left
위치,location
당장은,For now
겠어요,I guess
노력,effort
바지,pants
멋지다,awesome
아닙니까,Isn't it?
요원이,agent
세계에서,in the world
중인,in progress
다니엘,Daniel
보아하니,By the looks of it
계셔,stay
것이지,That's right
하는건,What I do
임무는,The mission is
의식을,consciousness
빵,bread
수만,tens of thousands
없어도,Even without it
정신과,psychiatry
질문은,The question is
얼마든지,However much
믿기,believe
들어간,went into
제말은,I mean
말일세,That's it
집중해,Concentrate
파리,fly
어떤가요,How about this
마무리,finish
놀랄,surprised
보이게,Make it visible
방향으로,direction
경기,game
예뻐,Pretty
특별,Special
뭐하러,What are you doing
테고,tego
도와줄게,I'll help you
말자,Let's not
북쪽,North
주변,around
메시지,message
만들어서,By making it
좋군,Good
제작,produce
피곤해,I'm tired
말해주세요,Tell me please
발견했어요,I found it
밋첼,Mitchell
공을,the ball
쉬는,rest
움직이는,moving
알겠니,Do you understand?
참을,endure
간호사,nurse
1번,no. 1
한다고요,They say they do it
구하러,To save
그리고는,And then
나아,better
소문이,rumor
웃고,laughing
아파트,apartment
헛소리,gibberish
악마,devil
살려줘,help me
한게,What I did
배는,The ship is
먹자,let's eat
코드,code
하지도,I don't even do it
인생에,in life
겁을,scared
15분,15 minutes
물건이,the thing is
올바른,proper
불구하고,Despite
하신,did
되었다,became
살았어,I lived
돌아가면,When I go back
노,paddle
콜,call
나가고,Go out
산소,Oxygen
가는거야,let's go
떨어지고,falling
땜에,Because of
뭐래,what
자유롭게,freely
안의,in
던져,throw
만들었지,I made it
냄새를,smell
등을,My back
아버지도,My father too
신호,signal
거기가,There
제인,Jane
좋겠는데,It would be nice
쟤는,He is
말아,Roll it up
쇼를,show
기회는,The opportunity is
할래요,I want to do it
켈리,Kelly
했었죠,I did it
집이야,Is it your house
에이프릴,April
말인가요,Do you mean
천만에,you're welcome
한번만,only once
노력하고,Trying hard
비켜요,Get out of the way
때론,Sometimes
가족의,family
그만하고,Stop it
너희들을,You guys
속이,inside
기사를,article
조금씩,gradually
꿈이야,It's a dream
의견을,Opinion
안하고,Not doing it
그랬잖아,You said that
브루스,bruce
무사히,safely
쓸데없는,unnecessary
이해합니다,I understand
주위를,around
해봤어,I tried it
잘못한,wrong
부디,please
로빈스,robins
해피,happy
숲,forest
렉시,Lexi
잊어버려,Forget it
매기,tying
뭐랄까,What can I say
벗고,off with
그랬으면,If so
강아지,puppy
말했다,said
먹어요,eat
주실래요,Would you please give it to me?
거군,That's it
빅,big
약이,The medicine
자리가,There is a seat
흔적이,no trace
판,board
싸움을,fight
그럴까,Is that so?
해야해,I have to do it
가방을,bag
우는,crying
빛이,light
조용,quiet
떠났어,left
하며,And
머리는,The head
대단해,amazing
울고,crying
여러분은,you guys are
죽음이,death
안드레,Andre
있잖니,You know
가족들이,family
충분하지,not enough
어디까지,how far
반응이,reaction
데서,from
대위,captain
역사상,in history
시작하는,starting
있다구,There is
테러,terror
느껴져,I feel it
땅,earth
있지요,Yes
변화를,change
단단히,firmly
어쩌죠,What should I do?
그리워,miss
돌아가지,Not going back
콜롬비아,Columbia
뇌가,brain
20년,20 years
캣니스,katniss
거리에,on the street
훈련,training
거라도,Even if it is
있겠네요,I guess there is
도와주고,Help me
있겠지만,There may be
군대가,the army
대통령이,the president
베니,Benny
결과는,result
제프,Jeff
입어,Put it on
되겠네,It will work
숨기고,hide it
아주머니,madam
주여,Lord
잡지,magazine
클럽,club
순간에,at the moment
일해,work
직업을,job
스타일즈,Stiles
맛,taste
끊어,hang up
아니고요,No
사용할,available
2분,2 minutes
니네,You guys
되었어,It's done
사업,business
깊게,deep
신고,Declaration
굉장한,amazing
내에,within
자신에게,to yourself
우리끼리,Among us
피할,avoid
믿음을,faith
멋져요,cool
뜻이에요,I mean
하나로,As one
어떠니,How are you?
거리,distance
아버님,father
찾았습니다,Found it
있음,has exist
지켜보고,watching
사과,apologize
남았어요,There's left
싫어해,I hate it
함부로,thoughtlessly
걸을,walk
거길,There
문은,The door is
말하는데,I'm telling you
시작합니다,Start
듯이,as if
않겠어요,I won't
만났어요,We met
저희를,us
주시겠어요,Could you please
재능이,talented
이후에,Since the
끝나지,It's over
그러자,OK
나갔어,went out
버린,abandoned
일어나요,wake up
회사에,The company
열이,fever
죄다,tighten
이들이,These are
결혼식에,at the wedding
비행,flight
정도의,degree
설명해,explain
사람이죠,It's a person
잡았어요,I got it
나치,Nazi
말하게,speak
변호사가,the lawyer
필요하다,need
게만,Geman
팀은,The team
모르잖아요,You don't know
포함해서,including
사무실,office
유감이야,I'm sorry
맡은,undertaken
환자에게,to the patient
죽음,death
들어가요,Come in
재미있는,funny
걱정하는,worried
프랭키,Frankie
살기,live
경험이,experience
어딘가,somewhere
자살,Suicide
잘하는,fast
저들을,them
라이온,lion
리무,Limu
아시다시피,As you know
이식,transplantation
그런데도,And yet
카드를,card
란,column
설명,explanation
평생을,For life
알렌,allen
여자들,girls
힘내,cheer up
순간이,The moment
가운데,middle
거랑,Georang
없겠죠,Probably not
부인을,wife
사이먼,Simon
옛날에,Long ago
꺼야,Turn it off
조사,inspection
유감이에요,I'm sorry
죽여야,I have to kill
손은,The hands are
정지,stop
장군,General
키가,Tall
하늘을,the sky
봐야지,I have to see it
안좋은,not good
부모가,parents
있는거죠,There is
겁에,scared
물어봐도,Even if you ask
가지마,don't go
그들도,They too
밑으로,down
스타,star
오렴,Come
달에,on the moon
거리가,the distance
아름다워,beautiful
살해,killing
싫다,hate
잡으러,To catch it
몰랐네,I didn't know
사무실로,to the office
얼레,reel
수잔,Susan
마법의,magical
화나게,angry
보셨어요,Did you see it?
메세지를,message
가끔씩,sometimes
지금의,now
증명할,prove
주의를,pay attention
구하려고,To save
누구의,Someone's
인터넷,Internet
이래요,Like this
죽음에,to death
때려,Hit it
놈아,You bastard
루이,louis
영혼이,the soul
필요한데,I need it
개는,The dog
이러한,Such
의미,meaning
피트,feet
받았습니다,received
자네한테,To you
들어보세요,listen
울,wool
인형,doll
리차드,richard
전에요,Before
좋을거야,It'll be good
장기,long time
모르겠군,I don't know
인간을,humans
맞서,against
다행이네요,thank god
살아서,alive
궁금한,curious
기회야,It's a chance
감당할,afford it
해결,solve
얘기한,talked about
버틸,hold on
지나면,After it passes
버렸어,I threw it away
방해해서,By interfering with
마시는,drinking
착하지,He's nice
장소,location
원한,resentment
뉴욕에,in new york
지옥에,to hell
걔네,They
다를,different
저지른,guilty
나지,Naji
시작하지,let's start
도착할,to arrive
하이,high
책이,book
같던데,It seemed the same
카레프,Karev
저쪽에,over there
가방에,in the bag
불법,illegal
그런가요,is that so
에드,ed
캐롤,carol
싶어하는,want to
비행기가,the plane
위험이,danger
학교를,school
바라,look
가능해,Is it possible
지금이야,It's now
어디죠,Where is it
올라가서,go up
자식을,children
실험,Experiment
실험을,experiment
추적,Tracking
유전자,gene
치는,striking
기억나요,Do you remember
호텔에,to the hotel
부른,called
그러지마,do not do that
예쁘다,pretty
미안하구나,I'm sorry
서로에게,to each other
없었을,There wouldn't have been
떠나면,If you leave
기다리세요,Wait
무조건,must
왕을,the king
찬,cold
할지도,Might do it
자길,sleep
전원,everyone
안고,holding
전화할게,I'll call you
이런거,like this
일이나,Work or something
죽어요,I'm dying
않는데,I don't
언제까지,until when
퀸,queen
흔적을,traces
따위,et cetera
막고,stop it
어둠,darkness
바빠,busy
싸우지,fight
않았던,didn't
분을,minute
가지는,eggplant
애들도,Kids too
말씀해,tell me
저쪽으로,over there
파일을,file
가자구,Let's go
옷이,clothes
아빠의,Dad's
리코야,It's Rico
이래서,This is why
알면서,knowingly
멋진데,It's cool
저희도,We too
빼,Take it out
몰랐는데,I didn't know
역,station
제군들,Gentlemen
뉴스,news
정말로요,Really
사격,shooting
하는데요,I do it
고기,meat
떠,float
틀린,wrong
말하는거야,I'm talking
밴드,band
먹을래,Want some
바라지,I hope
이안,Ian
귀,ear
들어본,heard of
인터뷰,interview
잡은,caught
있기를,I hope there is
들었습니다,I heard
갔었어,I went
기분을,feel
남아서,behind
커,big
사고로,by accident
도시의,urban
달고,sweet
해주면,If you do it
누구인지,who is
괜찮다면,If you do not mind
의한,by
씨의,of seed
생각하는지,Do you think
비밀이,the secret
반지,ring
휴대폰,cell phone
당신들의,your
선수,player
하겠다고,I will do it
사람처럼,like a person
멍청이,idiot
않다는,That's not
때때로,sometimes
당신은요,how about you
살아야,I have to live
아니겠죠,Probably not
트럭을,truck
물러나,step back
그분이,He is
가스,gas
가져온,brought
쪽은,The side is
구하는,Seeking
생각만,Just thinking
말예요,I mean
이따가,later
모양이야,It's the shape
반가웠어요,It was nice to meet you
큰일,big deal
지가,he
하는거지,Doing it
떠났어요,I left
도망가,run away
피자,pizza
싶었는데,I thought
여자도,Women too
걔한테,To him
번호를,number
모르겠군요,I don't know
이상해요,Weird
휴가,vacation
미셸,Michelle
올라,Up
행동,action
여자한테,To a woman
두번,twice
되,become
일입니다,It's work
있길,I hope there is
의원님,Rep.
끝내,Finished
낸시,Nancy
무어,moore
이메일,email
그러게요,"Iknow, right"
키스를,kiss
있을겁니다,There will be
무엇이든,Anything
사적인,private
겪고,going through
책은,The book is
사이에서,between
주신,given
전쟁에서,in war
점,dot
그것들을,them
마약을,drugs
통신,communication
무엇입니까,What is
문제도,Problem too
잊어,forget
급한,urgent
말라,dry
셔츠,shirt
넘는,over
풀,grass
진짜요,Really
인사,greeting
라디오,radio
사촌,cousin
멕시코,Mexico
모건,morgan
괜찮네,It's okay
이쪽이야,It's this way
여태,So far
미국에,to America
놀라게,surprised
죽이면,If you kill
없던,There was no
거겠죠,I guess it is
남자들이,men
규칙,rule
형사,detective
펄스,pulse
다요,Everything
워싱턴,Washington
주변을,around
근무,work
주실,Please give it to me
상을,award
자네들,You-all
잘했다,Good job
아유,Wow
가야겠다,I have to go
않으니까,Because I don't
미사일,missile
년이,bitch
영상,video
현실을,reality
빨리요,Quickly
포기,give up
중인데,I'm in the middle of it
담당,in charge
이는,this is
트럭에,in the truck
원하는지,do you want
이전,before
방송,broadcast
화장실에,in the bathroom
저쪽,there
내버려둬,Leave it alone
사라졌어요,It's gone
곳이죠,It's a place
뇌를,brain
어리석은,Foolish
없인,without
부르고,calling
무기가,the weapon
온통,all
표정,expression
보여줄게,I'll show
포드,ford
조금은,any
술에,in alcohol
보이죠,You can see it
고맙구나,Thank you
없구나,There isn't any
명령,Command
이겼어,I won
전혀요,Not at all
다친,injured
두는,put
겪은,experienced
말하려고,To say
다예요,That's it
재밌어,fun
웃는,smiling
한마디,one word
작고,small and
옷은,The clothes are
못합니다,I can't
불렀어,I called you
해보고,Try it
확인할,identify
유령,Ghost
발로,expression
싶어서요,Because I want to
누구보다,More than anyone else
그렇진,Not so
구하기,exoneration
결정할,decide
날에,on the day
때면,Sometimes
늦었어요,late
끝나는,finished
누구냐,Who are you?
싸워,fight
지금껏,Until now
변하지,It doesn't change
예요,Yes
거리에서,in the street
모르는데,I don't know
맡고,In charge
이혼,divorce
내보내,Take it out
자세한,Detailed
유리,glass
손대지,Don't touch it
싫은,loath
덤벼,Come on
악마의,devil's
분위기,atmosphere
꼴,form
전부야,It's everything
조그만,small
실례,excuse
답이,the answer
끝내고,finished
생활을,life
하늘에,in the sky
기억하고,remember
선택할,choose
얼음,ice
눈치,sense
싶네,I want to
이상하지,It's strange
이런걸,Something like this
나나,Nana
메러디스가,meredith
화난,angry
도착하면,When you arrive
싫지만,I don't like it but
발이,feet
해주는,Hae-joo
고대,ancient
클레어가,Claire
배우고,learn
누구예요,Who are you
있어야지,There should be
구했어,I saved it
부동산,real estate
오른쪽으로,to the right
블루,blue
돌아가신,passed away
못해서,Because I couldn’t do it
고양이가,the cat
멋지네,That's cool
됐을,It's okay
적의,enemy
멋지게,ripping
첫째,first
신경도,nerves too
죽었고,died and
그만큼,that much
군요,Okay
꿈은,The dream is
기억해요,I remember
말입니까,What do you mean?
무릎을,kneel down
올해,this year
사람입니다,It's a person
고든,gordon
희망이,hope
관해서,Regarding
오빠는,brother is
요즘은,Nowadays
말았어야,I shouldn't have
때나,Sometimes
남지,Namji
한시간,one hour
일이라고,It's work
했었어요,I did it
캠프,camp
거고요,That's it
죽여라,kill it
이번이,This time
오늘밤에,tonight
영웅,hero
세계의,of the world
주제에,on the subject
있는지도,I wonder if it exists
연기,performance
병을,bottle
있었소,There was
번은,The number is
타요,Tayo
비행기에,on the plane
뭘로,With what
노래가,song
살라고,To live
보트,boat
용기를,courage
나갔어요,I went out
프란시스,francis
최선의,best
날은,The day is
때로는,sometimes
보통은,normally
트래비스,travis
일해요,I work
맡을,take charge
어울리는,matching
멋지지,It's cool
못한다면,If you can't
데려온,brought
확신이,I'm not sure
아니거든요,No.
살아있어,Alive
되었어요,It's done
애도,mourning
잘한다,Well done
죽어도,Even if I die
최소,Ieast
보내줘,Send it to me
그딴,Like that
이라,Ira
시계,clock
같죠,It's the same
웃음,laugh
수를,number
않을겁니다,I won't
꼴이,It looks like
댄스,dance
실수,mistake
위성,satellite
이들을,These
회사에서,at work
남았습니다,left
내려가,Go down
소녀,girl
다행이네,I'm glad
방은,The room is
대해서도,About
같소,Same
종양을,tumor
더요,More
댄,dan
아셨죠,Did you know?
가야겠어요,I have to go
그놈들이,Those guys
미쳤다고,I'm crazy
남자친구가,My boyfriend
일반적인,Normally
준다고,I will give it to you
짓도,Even if you do something
확률이,probability
목숨이,life
겁이,scared
들어왔어,I came in
문제지,Question paper
아마도요,Maybe
남는,remaining
반복한다,repeat
물론입니다,of course
중이다,is in progress
다양한,various
불리는,called
찾아요,Looking for it
많은데,There are a lot
왕은,The king
사람이지,It's a person
죽음은,death is
방향,direction
내부,interior
진실은,The truth is
나한테는,To me
싶었던,wanted
인마,men and horses
으로,by
약물,drug
누구에게,to whom
얼굴은,The face is
곳이지,It's a place
통화,call
살려,Save me
낸,paid
로라,Laura
알았는데요,I thought
자비를,Have mercy
생각하는데,I think
아니라구요,No
알아봐,Find out
데로,Dero
직업이,the job is
멜,mel
에밀리,Emily
맞네,That's right
농담이야,I'm kidding
이유도,The reason too
써야,I have to write
수천,thousands
그곳에서,There
호,like
동생은,My younger brother
증거,evidence
그렇긴,That's right
여기다,It's here
지내는,staying
갇혀,trapped
집안,house management
요리,cooking
있을게요,I'll be there
손가락을,finger
다리에,on the leg
이전에,Before
남자야,It's a man
신성한,sacred
있었거든요,There was
죽일거야,I'm going to kill you
상태는,The status is
들리나,Can you hear me?
총알,bullet
벌어진,wide open
아니네요,Nope
선생님의,teacher's
있었거든,There was
고통이,the pain
똑똑하고,smart and
들었죠,I heard it
동료,colleague
반은,half of it
너보다,than you
싶군요,I think so
마셔요,drink
뭘까,What is it
공원,park
교회,church
감사,thanks
로비,lobby
적당한,Proper
거네요,That's it
보네요,I see it
모른다는,don't know
사고를,accident
인,person
슈퍼걸,supergirl
밀어,push
국가,nation
신부,priest
희생자의,victim's
늑대,A wolf
둔,dun
모자를,hat
대학에,to college
사탕,candy
위치로,to location
하워드,howard
구멍이,There is a hole
바꾸고,change it
슬슬,slowly
조차,even
갈래요,I want to go
전해줘,Please tell me
좋겠군,That would be nice
아닌지,or not
만나지,Let's meet
하루를,a day
들어오면,When you come in
가족에게,To my family
기억할,to remember
목적이,purpose
죽겠어,I'm dying
신선한,fresh
써서,write
했니,Did you do it?
기뻐요,happy
리즈,Leeds
부탁합니다,please
들었다,heard
진작,Long ago
망쳤어,I ruined it
왔군,You came
드리겠습니다,I'll give it to you
인도,India
매니가,Manny
라이언,Ryan
듣게,listen
기록이,the record
영어,english
걷고,walking
주님,Lord
자전거,bicycle
패트릭,patrick
뱀이,snake
보내지,send it
기도를,pray
종이,paper
카메라를,camera
관계,relationship
잃었어요,I lost it
목숨,life
하셨잖아요,You did it
잘할,do well
지나,pass
않다면,If not
마실래,I want to drink
킴,Kim
없었다고,There wasn't any
친,friend
않겠지만,Probably not
안전할,be safe
당신처럼,Like you
비상,emergency
않겠다고,I won't
가문의,family
일과,daily lesson
돌아오는,coming back
말이요,I mean
알았으면,I wish I knew
조용한,quiet
한글자막,Korean subtitles
과거에,In the past
전화로,by phone
당연한,natural
미안하다고,I'm sorry
리무야,Limuya
나고,Nago
과학,science
보이나,Can you see it?
바짝,Closely
한단다,I do it
양쪽,both side
있다는걸,That there is
미래에,The future
넘겨,Pass it over
감사드립니다,Thank you
양은,German silver
바꾸는,alterative
식사를,Meals
점을,dot
봤나,Did you see it?
있을거라,There will be
아빠야,Dad
때에,When
총알을,bullet
주무세요,Good night
말하지만,I'm telling you
차이가,The difference
치료할,to treat
없다구요,There is no
건강한,healthy
사람에,to people
거울,mirror
걸리지,It doesn't work
왔네요,You're here
결정,decision
조언을,advice
의미를,meaning
나왔습니다,came out
루크가,Luke
떨어졌어,fell
안해도,Even if you don't do it
받아들일,accept
아니니,No
눌러,press
여왕,Queen
틀림없어,It's definitely true
않았잖아,You didn't
회의,meeting
올림픽,Olympic
뭐라구,What?
잃지,lose
있으라고,stay
여러분을,everyone
내린,got off
알았네,Okay
그때는,then
되겠네요,I guess it will work
웃어,Smile
않았다는,That said
캠이,Cam
대령,colonel
거는,hanging
옆으로,sideways
걱정마세요,Do not worry
마음의,of heart
태워,burn it
하는거죠,I'm doing it
회사가,the company
영,zero
외계인,alien
보군,I see
미래의,The future's
옮겨,Move it
소설,novel
나더러,to me
엄마에게,to mom
